http://ai4labour.linkeddata.es/data/course/Universidad+Polit%C3%A9cnica+de+Madrid/103000345	, computer simulation, decision support systems, systems thinking, Monte Carlo simulation, use business simulation tools, analyse big data, simulate transport problems, data analytics, predictive maintenance, perform virtual simulation, model hardware, apply basic programming skills, ICT network simulation, process data, perform energy simulations, 
http://ai4labour.linkeddata.es/data/course/Universidad+Polit%C3%A9cnica+de+Madrid/103000346	, information structure, machine translation, information retrieval systems, information extraction, use query languages, perform data mining, computational linguistics, data extraction, information categorisation, Computer Assisted Language Learning, computational mechanics, principles of artificial intelligence, natural language processing, data models, design user interface, 
http://ai4labour.linkeddata.es/data/course/Universidad+Polit%C3%A9cnica+de+Madrid/103000357	, decision support systems, computer simulation, Agile project management, perform data mining, use business simulation tools, Monte Carlo simulation, computer science, data analytics, decision analysis, utilise decision support system, apply ICT systems theory, systems theory, analyse software specifications, process data, design user interface, 
http://ai4labour.linkeddata.es/data/course/Universidad+Polit%C3%A9cnica+de+Madrid/103000358	, decision support systems, systems thinking, Agile project management, analyse big data, perform data mining, use business simulation tools, use communication and collaboration software, ICT project management, data analytics, apply blended learning, use specific data analysis software, principles of artificial intelligence, natural language processing, process data, system design, 
http://ai4labour.linkeddata.es/data/course/Universidad+Polit%C3%A9cnica+de+Madrid/103000359	, machine learning, computer simulation, decision support systems, Monte Carlo simulation, artificial neural networks, algorithms, utilise machine learning, data analytics, probabilistic reasoning, principles of artificial intelligence, data science, Python (computer programming), natural language processing, data models, design sensors, 
http://ai4labour.linkeddata.es/data/course/Universidad+Polit%C3%A9cnica+de+Madrid/103000360	, machine learning, data mining, statistical analysis techniques, perform data mining, analyse big data, artificial neural networks, utilise machine learning, data mining methods, computer vision, Python (computer programming), principles of artificial intelligence, data science, natural language processing, process data, data models, 
http://ai4labour.linkeddata.es/data/course/Universidad+Polit%C3%A9cnica+de+Madrid/103000361	, machine learning, computer simulation, systems thinking, algorithms, perform data mining, analyse big data, utilise machine learning, data analytics, computer science, principles of artificial intelligence, data science, search engine optimisation, analyse software specifications, process data, define software architecture, 
http://ai4labour.linkeddata.es/data/course/Universidad+Polit%C3%A9cnica+de+Madrid/103000362	, computer simulation, machine learning, systems thinking, algorithms, artificial neural networks, perform data mining, utilise machine learning, computer science, data analytics, computational mechanics, Python (computer programming), principles of artificial intelligence, natural language processing, data models, design automation components, 
http://ai4labour.linkeddata.es/data/course/Universidad+Polit%C3%A9cnica+de+Madrid/103000363	, computer programming, systems thinking, model based system engineering, algorithms, use object-oriented programming, scientific computing, design circuit boards, computer science, computer engineering, computational biology, develop animations, design control systems, concepts of telecommunications, design electronic systems, implement cryptographic constructs, 
http://ai4labour.linkeddata.es/data/course/Universidad+Polit%C3%A9cnica+de+Madrid/103000364	, use logic programming, Prolog (computer programming), systems thinking, algorithms, use object-oriented programming, use query languages, computational linguistics, use automatic programming, computer science, principles of artificial intelligence, use functional programming, apply basic programming skills, natural language processing, design user interface, implement cryptographic constructs, 
http://ai4labour.linkeddata.es/data/course/Universidad+Polit%C3%A9cnica+de+Madrid/103000366	, systems thinking, computer simulation, manage research data, analyse big data, perform data mining, use object-oriented programming, distributed computing, machine learning, computer science, principles of artificial intelligence, robotics, data science, natural language processing, system design, data models, 
http://ai4labour.linkeddata.es/data/course/Universidad+Polit%C3%A9cnica+de+Madrid/103000367	, information structure, knowledge base, manage ICT data classification, carry out bibliographic work, use databases, use query languages, Ontological Engineering, collaborative environments, ICT systems, develop digital educational materials, manage digital documents, work with virtual learning environments, manage digital archives, create data models, natural language processing, 
http://ai4labour.linkeddata.es/data/course/Universidad+Polit%C3%A9cnica+de+Madrid/103000368	, computer simulation, logic programming, systems thinking, artificial neural networks, algorithms, use object-oriented programming, computational linguistics, computer science, computer engineering, principles of artificial intelligence, robotics, data science, natural language processing, system design, data models, 
http://ai4labour.linkeddata.es/data/course/Universidad+Polit%C3%A9cnica+de+Madrid/103000369	, apply 3D imaging techniques, computer simulation, machine learning, image recognition, develop computer vision system, algorithms, computer vision, digital image processing, 3D modelling, Python (computer programming), MATLAB, signal processing, process data, design sensors, natural language processing, 
http://ai4labour.linkeddata.es/data/course/Universidad+Polit%C3%A9cnica+de+Madrid/103000370	, computer simulation, systems thinking, human-robot collaboration, carry out bibliographic work, automatic control system, computer vision, computer vision, robotic components, autonomous navigation, robotics, computer vision, control engineering, automation technology, design sensors, ICT network simulation, 
http://ai4labour.linkeddata.es/data/course/Universidad+Polit%C3%A9cnica+de+Madrid/103000371	, analyse and solve biomedical informatics problems, perform public presentations, analyse state of the art, analyse big data, perform data mining, use databases, medical informatics, data analytics, ICT problem management techniques, health technology assessment, principles of artificial intelligence, data science, health informatics, process data, analyse software specifications, 
http://ai4labour.linkeddata.es/data/course/Universidad+Polit%C3%A9cnica+de+Madrid/103000372	, manage research data, perform online data analysis, translate requirement concepts into content, carry out bibliographic work, use databases, use query languages, computer science, machine learning, computer vision, principles of artificial intelligence, data science, ICT project management methodologies, natural language processing, process data, design user interface, 
http://ai4labour.linkeddata.es/data/course/Universidad+Polit%C3%A9cnica+de+Madrid/103000720	, information retrieval, sentiment analysis, recommendation systems, analyse big data, perform data mining, build recommender systems, computational linguistics, data analytics, machine learning, search engine optimisation, data science, principles of artificial intelligence, web services, natural language processing, data models, 
http://ai4labour.linkeddata.es/data/course/Universidad+Polit%C3%A9cnica+de+Madrid/103000743	, machine learning, natural language processing, deep learning, artificial neural networks, algorithms, data mining, computational linguistics, data analytics, utilise machine learning, Python (computer programming), principles of artificial intelligence, data science, natural language processing, process data, design user interface, 
http://ai4labour.linkeddata.es/data/course/Universidad+Polit%C3%A9cnica+de+Madrid/103000815	, machine learning, deep learning, artificial neural networks, artificial neural networks, deep learning, data mining, utilise machine learning, computer vision, deep learning, Python (computer programming), MATLAB, principles of artificial intelligence, natural language processing, data models, design sensors, 
http://ai4labour.linkeddata.es/data/course/Universidad+Polit%C3%A9cnica+de+Madrid/103000818	, Agile project management, business intelligence, systems thinking, identify technological needs, use business simulation tools, manage online communications, technology education, ICT project management, business analytics, ICT project management methodologies, apply basic programming skills, manage digital documents, manage standard enterprise resource planning system, design user interface, implement data warehousing techniques, 
http://ai4labour.linkeddata.es/data/course/Universidad+Polit%C3%A9cnica+de+Madrid/103000819	, technology watch, competitive intelligence, information structure, identify technological needs, perform data mining, emergent technologies, conduct threat intelligence, technology education, monitor online competitors, conduct web searches, manage digital documents, apply ICT systems theory, concepts of telecommunications, use IT tools, process data, 
http://ai4labour.linkeddata.es/data/course/Universidad+Polit%C3%A9cnica+de+Madrid/103000820	, Agile project management, systems thinking, business intelligence, identify technological needs, analyse big data, develop innovative business ideas, innovate in ICT, develop software prototype, ICT project management, develop innovative business ideas, perform business solution planning, include ethical considerations in product development, blockchain consensus mechanisms, data models, health informatics, 
http://ai4labour.linkeddata.es/data/course/Universidad+Polit%C3%A9cnica+de+Madrid/103000821	, Agile project management, business intelligence, develop innovative business ideas, use business simulation tools, develop business plan, identify market requirements for ICT documentation, use IT systems for commercial purposes, ICT project management, business analytics, develop online sales business plan, apply blended learning, manage digital documents, blockchain consensus mechanisms, data models, system design, 
http://ai4labour.linkeddata.es/data/course/Universidad+Polit%C3%A9cnica+de+Madrid/103000822	, propose ICT solutions to business problems, conduct impact evaluation of ICT processes on business, develop a business plan, identify technological needs, perform data mining, develop a business plan, use IT systems for commercial purposes, ICT project management, plan marketing campaigns, configure ICT system, develop a business plan, ICT project management methodologies, mobile marketing, Internet of Things, DevOps, 
http://ai4labour.linkeddata.es/data/course/Universidad+Polit%C3%A9cnica+de+Madrid/103000823	, Agile project management, perform data analysis, propose ICT solutions to business problems, use business simulation tools, analyse big data, perform data mining, use IT systems for commercial purposes, business analytics, ICT project management, develop digital educational materials, manage digital documents, work with virtual learning environments, manage standard enterprise resource planning system, process data, develop data processing applications, 
http://ai4labour.linkeddata.es/data/course/Universidad+Polit%C3%A9cnica+de+Madrid/103000824	, propose ICT solutions to business problems, Agile project management, systems thinking, identify technological needs, analyse big data, use business simulation tools, use IT systems for commercial purposes, ICT project management, business analytics, develop online sales business plan, identify ICT user needs, ICT project management methodologies, mobile marketing, Internet of Things, blockchain consensus mechanisms, 
http://ai4labour.linkeddata.es/data/course/Universidad+Polit%C3%A9cnica+de+Madrid/103000825	, perform data analysis, apply statistical analysis techniques, perform dimensionality reduction, perform data mining, analyse big data, quantitative analysis, data analytics, statistical analysis system software, data mining methods, use specific data analysis software, develop statistical software, perform safety data analysis, process data, create data models, implement data warehousing techniques, 
http://ai4labour.linkeddata.es/data/course/Universidad+Polit%C3%A9cnica+de+Madrid/103000826	, perform online data analysis, machine learning, perform dimensionality reduction, perform data mining, analyse big data, use object-oriented programming, utilise machine learning, data analytics, computer vision, data science, Python (computer programming), MATLAB, process data, natural language processing, design sensors, 
http://ai4labour.linkeddata.es/data/course/Universidad+Polit%C3%A9cnica+de+Madrid/103000827	, perform online data analysis, normalise data, use data processing techniques, perform data mining, analyse big data, data engineering, data analytics, data mining methods, utilise machine learning, use specific data analysis software, data science, perform safety data analysis, process data, develop data processing applications, create data models, 
http://ai4labour.linkeddata.es/data/course/Universidad+Polit%C3%A9cnica+de+Madrid/103000828	, machine learning, deep learning, apply machine learning software tools, artificial neural networks, perform data mining, image recognition, utilise machine learning, computer vision, deep learning, apply basic programming skills, Python (computer programming), principles of artificial intelligence, natural language processing, process data, use IT tools, 
http://ai4labour.linkeddata.es/data/course/Universidad+Polit%C3%A9cnica+de+Madrid/103000829	, information retrieval systems, information extraction systems, scientific computing techniques, information extraction, information retrieval, scientific computing, information categorisation, data extraction, search databases, conduct web searches, manage digital documents, apply ICT systems theory, natural language processing, process data, design electronic systems, 
http://ai4labour.linkeddata.es/data/course/Universidad+Polit%C3%A9cnica+de+Madrid/103000830	, perform online data analysis, apply statistical analysis techniques, data mining, perform data mining, analyse big data, data visualisation software, data analytics, distributed computing, machine learning, data science, big data, Python (computer programming), process data, data models, health informatics, 
http://ai4labour.linkeddata.es/data/course/Universidad+Polit%C3%A9cnica+de+Madrid/103000831	, knowledge base, intelligent systems, knowledge representation and reasoning, perform data mining, use databases, use object-oriented programming, utilise machine learning, computer vision, develop intelligent systems, principles of artificial intelligence, develop knowledge bases, use computer languages for knowledge representation, natural language processing, process data, design automation components, 
http://ai4labour.linkeddata.es/data/course/Universidad+Polit%C3%A9cnica+de+Madrid/103000832	, plan migration to cloud, design cloud architecture, cloud security and compliance, analyse big data, design cloud networks, deploy cloud resource, design database in the cloud, cloud monitoring and reporting, distributed computing, cloud technologies, manage cloud data and storage, implement cloud security and compliance, process data, design automation components, system design, 
http://ai4labour.linkeddata.es/data/course/Universidad+Polit%C3%A9cnica+de+Madrid/103000833	, develop automated migration methods, use markup languages, normalise data, SPARQL, ontologies, knowledge graphs, develop ontologies, use knowledge graph technologies, publish open data, develop digital educational materials, manage digital documents, work with virtual learning environments, create data models, develop data processing applications, manage ICT semantic integration, 
http://ai4labour.linkeddata.es/data/course/Universidad+Polit%C3%A9cnica+de+Madrid/103000834	, perform online data analysis, computer simulation, data mining, perform data mining, analyse big data, scientific computing, data analytics, computer science, distributed computing, Python (computer programming), data science, SQL Server, process data, design automation components, use IT tools, 
http://ai4labour.linkeddata.es/data/course/Universidad+Polit%C3%A9cnica+de+Madrid/103000835	, protect personal data and privacy, machine learning, ethical hacking principles, analyse big data, perform data mining, data engineering, ICT security legislation, blockchain-based services regulation, telecom regulations, principles of artificial intelligence, GDPR, ethics of sharing work through social media, natural language processing, process data, apply digital security measures, 
http://ai4labour.linkeddata.es/data/course/Universidad+Polit%C3%A9cnica+de+Madrid/103000836	, knowledge base, normalise data, information retrieval systems, perform data mining, use databases, analyse big data, data extraction, information categorisation, data analytics, unstructured data, health technology assessment, data quality assessment, health informatics, process data, create data models, 
http://ai4labour.linkeddata.es/data/course/Universidad+Polit%C3%A9cnica+de+Madrid/103000837	, create prototype of user experience solutions, apply user-centred design methods, evaluate usability of prototypes, assess users' interaction with ICT applications, use user-centred design methods, design and implement prototypes, develop software prototype, improve user-friendliness, human-computer interaction, measure software usability, apply blended learning, develop digital educational materials, health informatics, design user interface, apply digital security measures, 
http://ai4labour.linkeddata.es/data/course/Universidad+Polit%C3%A9cnica+de+Madrid/103000838	, data mining, perform data analysis, apply statistical analysis techniques, perform data mining, analyse big data, data engineering, data mining methods, computational linguistics, medical informatics, data science, signal processing, Python (computer programming), process data, health informatics, data models, 
http://ai4labour.linkeddata.es/data/course/Universidad+Polit%C3%A9cnica+de+Madrid/103000839	, perform online data analysis, manage research data, data mining, perform data mining, analyse big data, use databases, data analytics, data mining methods, healthcare data systems, data science, unstructured data, Python (computer programming), health informatics, process data, create data models, 
http://ai4labour.linkeddata.es/data/course/Universidad+Polit%C3%A9cnica+de+Madrid/103000840	, use e-health and mobile health technologies, perform online data analysis, manage ICT data classification, analyse big data, perform data mining, use geographic information systems, data extraction, contribute to development of biometric systems, utilise machine learning, mobile device software frameworks, unstructured data, signal processing, Internet of Things, process data, health informatics, 
http://ai4labour.linkeddata.es/data/course/Universidad+Polit%C3%A9cnica+de+Madrid/103000891	, manage research data, Agile project management, systems thinking, share through digital technologies, manage quantitative data, perform data mining, ICT project management, research remote sensing technologies, use communication and collaboration software, ICT project management methodologies, manage digital documents, deliver visual presentation of data, manage digital archives, process data, design user interface, 
http://ai4labour.linkeddata.es/data/course/Universidad+Polit%C3%A9cnica+de+Madrid/103000892	, perform online data analysis, apply statistical analysis techniques, visual presentation techniques, data visualisation software, use performance 3D visualisation techniques, analyse big data, data analytics, computer graphics, graphic design, deliver visual presentation of data, prepare visual data, use specific data analysis software, process data, design user interface, create data models, 
http://ai4labour.linkeddata.es/data/course/Universidad+Polit%C3%A9cnica+de+Madrid/103000893	, perform online data analysis, use data processing techniques, apply statistical analysis techniques, perform data mining, analyse big data, scientific computing, data analytics, distributed computing, machine learning, data science, Hadoop, Python (computer programming), process data, implement data warehousing techniques, create data models, 
http://ai4labour.linkeddata.es/data/course/Universidad+Polit%C3%A9cnica+de+Madrid/103000895	, computer programming, data mining, machine learning, algorithms, data engineering, analyse big data, data analytics, use software libraries, develop software prototype, apply basic programming skills, use specific data analysis software, data science, process data, use IT tools, data models, 
http://ai4labour.linkeddata.es/data/course/Universidad+Polit%C3%A9cnica+de+Madrid/103000896	, perform data analysis, apply statistical analysis techniques, perform dimensionality reduction, perform data mining, analyse big data, quantitative analysis, data analytics, statistical analysis system software, data mining methods, develop statistical software, use specific data analysis software, Python (computer programming), process data, create data models, implement data warehousing techniques, 
http://ai4labour.linkeddata.es/data/course/Universidad+Polit%C3%A9cnica+de+Madrid/103000900	, protect personal data and privacy, ethical hacking principles, manage IT security compliances, analyse big data, perform data mining, manage data, ICT security legislation, data protection, blockchain-based services regulation, data science, principles of artificial intelligence, GDPR, process data, identify ICT security risks, apply digital security measures, 
http://ai4labour.linkeddata.es/data/course/Universidad+Polit%C3%A9cnica+de+Madrid/103000901	, information retrieval, information extraction, data mining, information extraction, scientific computing, information retrieval, data extraction, information categorisation, utilise machine learning, data science, principles of artificial intelligence, unstructured data, natural language processing, process data, design electronic systems, 
http://ai4labour.linkeddata.es/data/course/Universidad+Polit%C3%A9cnica+de+Madrid/103000903	, network engineering, perform online data analysis, computer simulation, perform data mining, analyse big data, use geographic information systems, computer science, data analytics, machine learning, data science, principles of artificial intelligence, apply basic programming skills, analyse software specifications, process data, design user interface, 
http://ai4labour.linkeddata.es/data/course/Universidad+Polit%C3%A9cnica+de+Madrid/103000904	, machine learning, knowledge base, data mining, perform data mining, analyse big data, artificial neural networks, utilise machine learning, computer vision, data analytics, principles of artificial intelligence, data science, robotics, natural language processing, process data, create data models, 
http://ai4labour.linkeddata.es/data/course/Universidad+Polit%C3%A9cnica+de+Madrid/103000905	, computer programming, data mining, machine learning, algorithms, data engineering, use object-oriented programming, use software libraries, data analytics, data mining methods, apply basic programming skills, Python (computer programming), data science, develop data processing applications, process data, use IT tools, 
http://ai4labour.linkeddata.es/data/course/Universidad+Polit%C3%A9cnica+de+Madrid/103000906	, computer programming, data analysis, systems development life-cycle, perform data mining, use object-oriented programming, algorithms, digital image processing, computer vision, data analytics, apply basic programming skills, Python (computer programming), data science, process data, analyse software specifications, use IT tools, 
http://ai4labour.linkeddata.es/data/course/Universidad+Polit%C3%A9cnica+de+Madrid/103000907	, data mining, perform data analysis, apply statistical analysis techniques, perform data mining, analyse big data, use databases, data mining methods, time series analysis, knowledge discovery process, data science, Python (computer programming), SQL Server, process data, create data models, implement data warehousing techniques, 
http://ai4labour.linkeddata.es/data/course/Universidad+Polit%C3%A9cnica+de+Madrid/103000908	, data mining, machine learning, geographic information systems, analyse big data, perform data mining, data engineering, data analytics, utilise machine learning, ICT project management, data science, big data, ICT project management methodologies, process data, data models, create data models, 
http://ai4labour.linkeddata.es/data/course/Universidad+Polit%C3%A9cnica+de+Madrid/105001001	, translate formulae into processes, perform data analysis, apply statistical analysis techniques, algorithms, data engineering, scientific computing, computer science, data analytics, utilise machine learning, MATLAB, use mathematical tools and equipment, principles of artificial intelligence, process data, create data models, use IT tools, 
http://ai4labour.linkeddata.es/data/course/Universidad+Polit%C3%A9cnica+de+Madrid/105001002	, translate formulae into processes, apply statistical analysis techniques, perform data analysis, algorithms, scientific computing, quantitative analysis, computer science, data analytics, mathematics, use mathematical tools and equipment, data science, principles of artificial intelligence, process data, create data models, use IT tools, 
http://ai4labour.linkeddata.es/data/course/Universidad+Polit%C3%A9cnica+de+Madrid/105001003	, modelizar matemáticamente problemas reales, aritmética entera y modular, resolver recurrencias, algorithms, database, use object-oriented programming, computer science, data analytics, mathematics, use mathematical tools and equipment, apply basic programming skills, data science, implement cryptographic constructs, process data, create data models, 
http://ai4labour.linkeddata.es/data/course/Universidad+Polit%C3%A9cnica+de+Madrid/105001004	, use logic programming, apply statistical analysis techniques, machine learning, algorithms, use object-oriented programming, analyse big data, computer science, utilise machine learning, computer vision, principles of artificial intelligence, apply basic programming skills, use mathematical tools and equipment, natural language processing, design sensors, implement cryptographic constructs, 
http://ai4labour.linkeddata.es/data/course/Universidad+Polit%C3%A9cnica+de+Madrid/105001005	, computer programming, Python, iterative development, algorithms, use object-oriented programming, Python, computer science, use software libraries, integrated development environment software, apply basic programming skills, Python (computer programming), use functional programming, analyse software specifications, process data, use IT tools, 
http://ai4labour.linkeddata.es/data/course/Universidad+Polit%C3%A9cnica+de+Madrid/105001006	, apply statistical analysis techniques, normalise data, perform online data analysis, quantitative analysis, data engineering, algorithms, statistical analysis system software, data analytics, data mining methods, use specific data analysis software, develop statistical software, apply control process statistical methods, process data, concepts of telecommunications, use IT tools, 
http://ai4labour.linkeddata.es/data/course/Universidad+Polit%C3%A9cnica+de+Madrid/105001007	, translate formulae into processes, apply statistical analysis techniques, perform data analysis, scientific computing, algorithms, quantitative analysis, computer science, data analytics, mathematics, use mathematical tools and equipment, MATLAB, Python (computer programming), process data, create data models, design electronic systems, 
http://ai4labour.linkeddata.es/data/course/Universidad+Polit%C3%A9cnica+de+Madrid/105001008	, computer programming, systems development life-cycle, Agile project management, algorithms, use object-oriented programming, analyse big data, computer science, use software libraries, integrated development environment software, Python (computer programming), apply basic programming skills, SQL Server, analyse software specifications, process data, define software architecture, 
http://ai4labour.linkeddata.es/data/course/Universidad+Polit%C3%A9cnica+de+Madrid/105001009	, computer simulation, computer programming, systems development life-cycle, hardware components, algorithms, computer use, computer science, computer engineering, electronics, hardware architectures, computer technology, systems theory, operating systems, concepts of telecommunications, analyse software specifications, 
http://ai4labour.linkeddata.es/data/course/Universidad+Polit%C3%A9cnica+de+Madrid/105001010	, computer simulation, systems thinking, data mining, algorithms, database, data engineering, computer science, data analytics, ICT project management, apply basic programming skills, use mathematical tools and equipment, principles of artificial intelligence, concepts of telecommunications, process data, analyse software specifications, 
http://ai4labour.linkeddata.es/data/course/Universidad+Polit%C3%A9cnica+de+Madrid/105001011	, computer programming, data analysis, problem solving, algorithms, scientific computing, use object-oriented programming, computational fluid dynamics, data analytics, computer science, MATLAB, apply basic programming skills, use mathematical tools and equipment, analyse software specifications, process data, implement data warehousing techniques, 
http://ai4labour.linkeddata.es/data/course/Universidad+Polit%C3%A9cnica+de+Madrid/105001012	, use markup languages, design web-based courses, use an application-specific interface, JSON, XML, REST, use software libraries, distributed computing, service-oriented modelling, JSON, XML, REST, web services, data models, Internet of Things, 
http://ai4labour.linkeddata.es/data/course/Universidad+Polit%C3%A9cnica+de+Madrid/105001013	, machine learning, computer simulation, systems thinking, artificial neural networks, algorithms, data mining, computer vision, utilise machine learning, data analytics, principles of artificial intelligence, robotics, data science, natural language processing, data models, design automation components, 
http://ai4labour.linkeddata.es/data/course/Universidad+Polit%C3%A9cnica+de+Madrid/105001014	, machine learning, data mining, natural language processing, perform data mining, use databases, R, computational linguistics, data mining methods, data extraction, Python (computer programming), principles of artificial intelligence, data science, natural language processing, process data, create data models, 
http://ai4labour.linkeddata.es/data/course/Universidad+Polit%C3%A9cnica+de+Madrid/105001015	, use markup languages, manage knowledge base, perform data analysis, SPARQL, data engineering, use query languages, resource description framework query language, data mining methods, web based collaborative platforms, blockchain design patterns, distributed ledger technologies consensus protocols, principles of artificial intelligence, manage ICT semantic integration, create data models, web services, 
http://ai4labour.linkeddata.es/data/course/Universidad+Polit%C3%A9cnica+de+Madrid/105001016	, computer programming, data analysis, Python, perform data mining, use databases, analyse big data, use software libraries, data analytics, Python, Python (computer programming), use specific data analysis software, data science, process data, develop data processing applications, create data models, 
http://ai4labour.linkeddata.es/data/course/Universidad+Polit%C3%A9cnica+de+Madrid/105001017	, business intelligence, Agile project management, systems thinking, use business simulation tools, analyse big data, manage ICT data architecture, business analytics, ICT project management, data analytics, Process-based management, business ICT systems, systems theory, manage standard enterprise resource planning system, process data, use IT tools, 
http://ai4labour.linkeddata.es/data/course/Universidad+Polit%C3%A9cnica+de+Madrid/105001018	, apply statistical analysis techniques, evaluate data, perform data analysis, analyse big data, perform data mining, quantitative analysis, statistical analysis system software, data analytics, data mining methods, develop statistical software, use specific data analysis software, apply control process statistical methods, process data, analyse software specifications, implement data warehousing techniques, 
http://ai4labour.linkeddata.es/data/course/Universidad+Polit%C3%A9cnica+de+Madrid/105001019	, use data processing techniques, perform data analysis, apply statistical analysis techniques, algorithms, data engineering, MATLAB, digital image processing, data analytics, use communication devices, signal processing, MATLAB, data science, process data, field-programmable gate arrays, design sensors, 
http://ai4labour.linkeddata.es/data/course/Universidad+Polit%C3%A9cnica+de+Madrid/105001020	, manage database, normalise data, perform data analysis, SQL, use databases, database and network design and administration, design database in the cloud, create database diagrams, query languages, SQL Server, Oracle Relational Database, maintain database security, create data models, process data, implement data warehousing techniques, 
http://ai4labour.linkeddata.es/data/course/Universidad+Polit%C3%A9cnica+de+Madrid/105001021	, manage IT security compliances, protect personal data and privacy, implement ICT security policies, algorithms, ICT security standards, blockchain applications, cyber security, ICT security legislation, assessment of risks and threats, implement anti-virus software, ICT encryption, protect ICT devices, identify ICT security risks, implement cryptographic constructs, perform ICT security testing, 
http://ai4labour.linkeddata.es/data/course/Universidad+Polit%C3%A9cnica+de+Madrid/105001022	, protect personal data and privacy, manage ICT data classification, apply statistical analysis techniques, analyse big data, manage data, perform data cleansing, data protection, ICT security legislation, blockchain-based services regulation, GDPR, data quality assessment, principles of artificial intelligence, process data, apply digital security measures, identify ICT security risks, 
http://ai4labour.linkeddata.es/data/course/Universidad+Polit%C3%A9cnica+de+Madrid/105001023	, computer simulation, systems thinking, social engineering tests, analyse big data, perform data mining, build recommender systems, computational linguistics, human-computer interaction, distributed computing, computational mechanics, systems theory, principles of artificial intelligence, natural language processing, web services, data models, 
http://ai4labour.linkeddata.es/data/course/Universidad+Polit%C3%A9cnica+de+Madrid/105001024	, computer simulation, data mining, machine learning, supercomputing, analyse big data, data engineering, distributed computing, data analytics, data mining methods, cloud technologies, distributed ledger technologies consensus protocols, data science, process data, design automation components, system design, 
http://ai4labour.linkeddata.es/data/course/Universidad+Polit%C3%A9cnica+de+Madrid/105001025	, plan migration to cloud, design cloud architecture, cloud security and compliance, design cloud networks, deploy cloud resource, develop with cloud services, cloud monitoring and reporting, distributed computing, data analytics, cloud technologies, implement cloud security and compliance, automate cloud tasks, DevOps, web services, system design, 
http://ai4labour.linkeddata.es/data/course/Universidad+Polit%C3%A9cnica+de+Madrid/105001026	, decision support systems, computer simulation, systems thinking, algorithms, quantitative analysis, data engineering, computational fluid dynamics, data analytics, statistical analysis system software, Python (computer programming), MATLAB, principles of artificial intelligence, process data, create data models, implement data warehousing techniques, 
http://ai4labour.linkeddata.es/data/course/Universidad+Polit%C3%A9cnica+de+Madrid/105001027	, machine learning, data mining, perform data analysis, algorithms, perform data mining, artificial neural networks, utilise machine learning, data analytics, data mining methods, Python (computer programming), principles of artificial intelligence, data science, natural language processing, process data, create data models, 
http://ai4labour.linkeddata.es/data/course/Universidad+Polit%C3%A9cnica+de+Madrid/105001028	, apply 3D imaging techniques, perform data analysis, use data processing techniques, image recognition, algorithms, use geographic information systems, digital image processing, computer vision, use software libraries, signal processing, Python (computer programming), MATLAB, analyse software specifications, process data, design automation components, 
http://ai4labour.linkeddata.es/data/course/Universidad+Polit%C3%A9cnica+de+Madrid/105001029	, perform data analysis, apply statistical analysis techniques, perform dimensionality reduction, perform data mining, analyse big data, quantitative analysis, data analytics, statistical analysis system software, data mining methods, develop statistical software, use specific data analysis software, Python (computer programming), process data, data models, natural language processing, 
http://ai4labour.linkeddata.es/data/course/Universidad+Polit%C3%A9cnica+de+Madrid/105001030	, manage database, normalise data, data warehouse, database, use databases, NoSQL, database management systems, query languages, data storage, database quality standards, SQL Server, Oracle Relational Database, data models, implement data warehousing techniques, manage ICT semantic integration, 
http://ai4labour.linkeddata.es/data/course/Universidad+Polit%C3%A9cnica+de+Madrid/105001031	, manage database, data mining, data warehouse, analyse big data, NoSQL, data engineering, data analytics, distributed computing, database management systems, unstructured data, cloud technologies, distributed ledger technologies vulnerabilities, process data, data models, design sensors, 
http://ai4labour.linkeddata.es/data/course/Universidad+Polit%C3%A9cnica+de+Madrid/105001032	, information structure, visual presentation techniques, perform online data analysis, data visualisation software, use query languages, analyse big data, computer vision, data analytics, graphic design, prepare visual data, deliver visual presentation of data, use specific data analysis software, design user interface, process data, create data models, 
http://ai4labour.linkeddata.es/data/course/Universidad+Polit%C3%A9cnica+de+Madrid/105001033	, machine learning, deep learning, reinforcement learning, artificial neural networks, algorithms, data mining, utilise machine learning, computer vision, data analytics, Python (computer programming), MATLAB, principles of artificial intelligence, natural language processing, process data, data models, 
http://ai4labour.linkeddata.es/data/course/Universidad+Polit%C3%A9cnica+de+Madrid/105001034	, human-robot collaboration, computer simulation, machine learning, develop computer vision system, use object-oriented programming, operate control systems, robotic components, computer vision, artificial intelligence, robotics, principles of artificial intelligence, data science, automation technology, cybernetics, design sensors, 
http://ai4labour.linkeddata.es/data/course/Universidad+Polit%C3%A9cnica+de+Madrid/105001035	, data mining, machine learning, multi-agent systems, perform data mining, image recognition, analyse big data, data mining methods, computer vision, distributed computing, data science, principles of artificial intelligence, robotics, natural language processing, process data, design sensors, 
http://ai4labour.linkeddata.es/data/course/Universidad+Polit%C3%A9cnica+de+Madrid/105001036	, Internet of Things (IoT), data acquisition, embedded systems, data engineering, sensors, use databases, use communication devices, collect ICT data, microprocessors, signal processing, Python (computer programming), IoT protocols, Internet of Things, process data, design sensors, 
http://ai4labour.linkeddata.es/data/course/Universidad+Polit%C3%A9cnica+de+Madrid/105001037	, apply 3D imaging techniques, use data processing techniques, perform data analysis, image recognition, algorithms, data visualisation software, digital image processing, computer vision, machine learning, signal processing, Python (computer programming), MATLAB, process data, design sensors, model sensor, 
http://ai4labour.linkeddata.es/data/course/Universidad+Polit%C3%A9cnica+de+Madrid/105001039	, machine learning, Agile project management, data mining, perform data mining, analyse big data, data engineering, utilise machine learning, data analytics, ICT project management, data science, ICT project management methodologies, Python (computer programming), process data, natural language processing, design user interface, 
http://ai4labour.linkeddata.es/data/course/Universidad+Polit%C3%A9cnica+de+Madrid/105001040	, use presentation software, use spreadsheets software, deliver online training, use databases, perform data mining, carry out bibliographic work, technology education, computer engineering, ICT project management, Computer Assisted Language Learning, teach digital literacy, create digital content, natural language processing, web services, data models, 
http://ai4labour.linkeddata.es/data/course/Universidad+Polit%C3%A9cnica+de+Madrid/105001047	, perform online data analysis, data mining, machine learning, perform data mining, analyse big data, data visualisation software, data analytics, machine learning, data mining methods, data science, Python (computer programming), MATLAB, process data, data models, natural language processing, 
http://ai4labour.linkeddata.es/data/course/Universidad+Polit%C3%A9cnica+de+Madrid/105001048	, gather data, use presentation software, perform online data analysis, carry out bibliographic work, use databases, perform data mining, use communication and collaboration software, use word processing software, learning technologies, Computer Assisted Language Learning, conduct web searches, transcribe texts, natural language processing, process data, use IT tools, 
http://ai4labour.linkeddata.es/data/course/Universidad+Polit%C3%A9cnica+de+Madrid/105001049	, machine learning, statistical analysis techniques, software engineering, artificial neural networks, software anomalies, analyse big data, utilise machine learning, perform software unit testing, execute software tests, Python (computer programming), principles of artificial intelligence, data science, analyse software specifications, software metrics, design automation components, 
http://ai4labour.linkeddata.es/data/course/Universidad+Polit%C3%A9cnica+de+Madrid/105001050	, computer simulation, translate formulae into processes, perform data analysis, scientific computing, algorithms, data visualisation software, computational fluid dynamics, data analytics, machine learning, MATLAB, Python (computer programming), data science, process data, create data models, implement data warehousing techniques, 
http://ai4labour.linkeddata.es/data/course/Universidad+Polit%C3%A9cnica+de+Madrid/105001053	, information structure, use presentation software, use spreadsheets software, carry out bibliographic work, use databases, use object-oriented programming, use word processing software, computer science, ICT project management, Computer Assisted Language Learning, transcribe texts, use ICT terminology, use IT tools, process data, explain characteristics of computer peripheral equipment, 
http://ai4labour.linkeddata.es/data/course/Universidad+Polit%C3%A9cnica+de+Madrid/105001054	, machine learning, knowledge graphs, parallelization techniques, artificial neural networks, data engineering, scientific computing, utilise machine learning, World Wide Web Consortium standards, data analytics, principles of artificial intelligence, data science, Python (computer programming), natural language processing, data models, web services, 
http://ai4labour.linkeddata.es/data/course/Universidad+Polit%C3%A9cnica+de+Madrid/105001055	, use markup languages, manage research data, normalise data, manage findable accessible interoperable and reusable data, use query languages, use object-oriented programming, World Wide Web Consortium standards, resource description framework query language, data protection, data science, principles of artificial intelligence, web-based e-learning standards, manage ICT semantic integration, data models, natural language processing, 
http://ai4labour.linkeddata.es/data/course/Universidad+Polit%C3%A9cnica+de+Madrid/105000350	, translate formulae into processes, perform data analysis, apply statistical analysis techniques, algorithms, use databases, analyse big data, computer science, data analytics, machine learning, use mathematical tools and equipment, apply basic programming skills, MATLAB, process data, design automation components, data models, 
http://ai4labour.linkeddata.es/data/course/Universidad+Polit%C3%A9cnica+de+Madrid/105000351	, use logic programming, translate formulae into processes, apply statistical analysis techniques, algorithms, use object-oriented programming, use query languages, computer science, computational linguistics, ICT system programming, apply basic programming skills, use mathematical tools and equipment, principles of artificial intelligence, natural language processing, design sensors, model sensor, 
http://ai4labour.linkeddata.es/data/course/Universidad+Polit%C3%A9cnica+de+Madrid/105000352	, Java (computer programming), computer programming, iterative development, algorithms, use object-oriented programming, Java, computer science, software design methodologies, use automatic programming, apply basic programming skills, Python (computer programming), C++, analyse software specifications, define software architecture, software metrics, 
http://ai4labour.linkeddata.es/data/course/Universidad+Polit%C3%A9cnica+de+Madrid/105000353	, business intelligence, information structure, systems thinking, use business simulation tools, manage data, analyse big data, ICT project management, business analytics, data analytics, manage production systems, apply operations for an ITIL-based environment, Process-based management, manage standard enterprise resource planning system, process data, use IT tools, 
http://ai4labour.linkeddata.es/data/course/Universidad+Polit%C3%A9cnica+de+Madrid/105000356	, create prototype of user experience solutions, design interaction model, software UI design patterns, assess users' interaction with ICT applications, design database scheme, use query languages, human-computer interaction, improve user-friendliness, develop software prototype, measure software usability, test system accessibility for users with special needs, Prototyping development, design user interface, analyse software specifications, system design, 
http://ai4labour.linkeddata.es/data/course/Universidad+Polit%C3%A9cnica+de+Madrid/105000357	, translate formulae into processes, apply statistical analysis techniques, perform data analysis, algorithms, scientific computing, quantitative analysis, computer science, data analytics, mathematics, use mathematical tools and equipment, apply basic programming skills, computational mechanics, process data, use IT tools, analyse software specifications, 
http://ai4labour.linkeddata.es/data/course/Universidad+Polit%C3%A9cnica+de+Madrid/105000358	, Java (computer programming), computer programming, software frameworks, use object-oriented programming, algorithms, SQL, use software libraries, perform software unit testing, document software, apply basic programming skills, Python (computer programming), Java (computer programming), analyse software specifications, design user interface, software metrics, 
http://ai4labour.linkeddata.es/data/course/Universidad+Polit%C3%A9cnica+de+Madrid/105000359	, information structure, manage ICT data classification, perform online data analysis, use databases, analyse big data, perform data mining, computer science, data analytics, ICT project management, manage digital documents, apply basic programming skills, have computer literacy, process data, use IT tools, manage digital archives, 
http://ai4labour.linkeddata.es/data/course/Universidad+Polit%C3%A9cnica+de+Madrid/105000360	, use spreadsheets software, perform online data analysis, business intelligence, use business simulation tools, quantitative analysis, manage ICT data architecture, use financial management software, business analytics, ICT project management, trading software, manage production systems, apply basic programming skills, manage standard enterprise resource planning system, process data, use microsoft office, 
http://ai4labour.linkeddata.es/data/course/Universidad+Polit%C3%A9cnica+de+Madrid/105000361	, computer simulation, decision support systems, apply statistical analysis techniques, quantitative analysis, algorithms, use business simulation tools, simulate transport problems, data analytics, ICT project management, use mathematical tools and equipment, apply basic programming skills, use specific data analysis software, process data, use IT tools, design automation components, 
http://ai4labour.linkeddata.es/data/course/Universidad+Polit%C3%A9cnica+de+Madrid/105000363	, computer simulation, design electrical systems, printed circuit boards testing methods, hardware components, electronic and telecommunication equipment, printed circuit boards, design circuit boards, test microelectronics, operate electronic measuring instruments, instrumentation engineering, control engineering, signal processing, concepts of telecommunications, design electronic systems, ICT network simulation, 
http://ai4labour.linkeddata.es/data/course/Universidad+Polit%C3%A9cnica+de+Madrid/105000364	, computer programming, logic programming, systems thinking, algorithms, database, use object-oriented programming, computer science, mathematics, problem solving, use mathematical tools and equipment, apply basic programming skills, Python (computer programming), implement cryptographic constructs, concepts of telecommunications, design electronic systems, 
http://ai4labour.linkeddata.es/data/course/Universidad+Polit%C3%A9cnica+de+Madrid/105000365	, Java (computer programming), computer programming, solve technical problems, algorithms, use object-oriented programming, SQL, computer science, use software libraries, develop software prototype, apply basic programming skills, Python (computer programming), C++, analyse software specifications, define software architecture, design user interface, 
http://ai4labour.linkeddata.es/data/course/Universidad+Polit%C3%A9cnica+de+Madrid/105000366	, apply statistical analysis techniques, gather data, perform data analysis, perform data mining, analyse big data, quantitative analysis, data analytics, statistical analysis system software, collect ICT data, use specific data analysis software, develop statistical software, apply control process statistical methods, process data, use IT tools, design data models, 
http://ai4labour.linkeddata.es/data/course/Universidad+Polit%C3%A9cnica+de+Madrid/105000367	, solve problems in gambling through digital means, creatively use digital technologies, use data processing techniques, use business simulation tools, quantitative analysis, perform data mining, , apply ICT systems theory, systems theory, use mathematical tools and equipment, process data, use IT tools, analyse software specifications, 
http://ai4labour.linkeddata.es/data/course/Universidad+Polit%C3%A9cnica+de+Madrid/105000368	, marketing analytics, business intelligence, web analytics, digital marketing techniques, social media marketing techniques, plan digital marketing, plan marketing campaigns, use customer relationship management software, business analytics, develop digital educational materials, manage digital documents, conduct mobile marketing, mobile marketing, process data, use IT tools, 
http://ai4labour.linkeddata.es/data/course/Universidad+Polit%C3%A9cnica+de+Madrid/105000369	, digital systems, computer simulation, hardware platforms, design ICT hardware placement, hardware components, use object-oriented programming, design circuits using CAD, electronics, computer engineering, design hardware, model hardware, implement ICT network diagnostic tools, design electronic systems, system design, field-programmable gate arrays, 
http://ai4labour.linkeddata.es/data/course/Universidad+Polit%C3%A9cnica+de+Madrid/105000370	, normalise data, manage database, perform data analysis, database, SQL, use databases, database management systems, query languages, data protection, SQL Server, Oracle Relational Database, maintain database security, create data models, perform ICT security testing, implement data warehousing techniques, 
http://ai4labour.linkeddata.es/data/course/Universidad+Polit%C3%A9cnica+de+Madrid/105000371	, systems thinking, Agile project management, business intelligence, database, use databases, analyse big data, ICT project management, business analytics, data analytics, ICT project management methodologies, apply operations for an ITIL-based environment, manage digital documents, manage standard enterprise resource planning system, DevOps, define software architecture, 
http://ai4labour.linkeddata.es/data/course/Universidad+Polit%C3%A9cnica+de+Madrid/105000372	, use concurrent programming, Java (computer programming), software architecture models, Java, software concurrentes, programación concurrente, computer science, distributed computing, software design methodologies, real-time computing, Java (computer programming), apply basic programming skills, analyse software specifications, operating systems, design user interface, 
http://ai4labour.linkeddata.es/data/course/Universidad+Polit%C3%A9cnica+de+Madrid/105000373	, information structure, perform data analysis, apply statistical analysis techniques, quantitative analysis, analyse big data, use business simulation tools, data analytics, business analytics, economic analysis, use specific data analysis software, apply ICT systems theory, develop statistical software, process data, analyse software specifications, use IT tools, 
http://ai4labour.linkeddata.es/data/course/Universidad+Polit%C3%A9cnica+de+Madrid/105000374	, apply statistical analysis techniques, use data processing techniques, perform data analysis, R, quantitative analysis, perform data mining, statistical analysis system software, data analytics, use software libraries, develop statistical software, use specific data analysis software, MATLAB, process data, use IT tools, analyse software specifications, 
http://ai4labour.linkeddata.es/data/course/Universidad+Polit%C3%A9cnica+de+Madrid/105000375	, manage ICT data classification, information structure, apply statistical analysis techniques, database, use databases, manage quantitative data, , manage digital documents, apply ICT terminology, maintain database performance, manage standard enterprise resource planning system, process data, use IT tools, 
http://ai4labour.linkeddata.es/data/course/Universidad+Polit%C3%A9cnica+de+Madrid/105000379	, computer programming, computer simulation, use spreadsheets software, algorithms, scientific computing, use object-oriented programming, computational fluid dynamics, computer science, data analytics, MATLAB, apply basic programming skills, computational mechanics, process data, implement cryptographic constructs, analyse software specifications, 
http://ai4labour.linkeddata.es/data/course/Universidad+Polit%C3%A9cnica+de+Madrid/105000380	, business intelligence, financial analysis, decision support systems, quantitative analysis, analyse big data, use business simulation tools, data analytics, business analytics, ICT project management, manage production systems, apply basic programming skills, ICT project management methodologies, process data, use IT tools, apply digital security measures, 
http://ai4labour.linkeddata.es/data/course/Universidad+Polit%C3%A9cnica+de+Madrid/105000381	, computer programming, embedded systems, hardware platforms, Assembly (computer programming), hardware components, use ICT hardware, computer science, microprocessors, computer engineering, maintain computer hardware, design hardware, apply basic programming skills, explain characteristics of computer peripheral equipment, use IT tools, system design, 
http://ai4labour.linkeddata.es/data/course/Universidad+Polit%C3%A9cnica+de+Madrid/105000382	, marketing analytics, perform data analysis, apply statistical analysis techniques, perform data mining, analyse big data, quantitative analysis, data analytics, business analytics, plan marketing campaigns, use specific data analysis software, develop statistical software, conduct web searches, process data, analyse software specifications, use IT tools, 
http://ai4labour.linkeddata.es/data/course/Universidad+Polit%C3%A9cnica+de+Madrid/105000383	, computer simulation, systems thinking, computer programming, utilise regular expressions, algorithms, use object-oriented programming, computational linguistics, computer science, computer engineering, apply ICT systems theory, systems theory, principles of artificial intelligence, concepts of telecommunications, automation technology, cybernetics, 
http://ai4labour.linkeddata.es/data/course/Universidad+Polit%C3%A9cnica+de+Madrid/105000384	, network engineering, computer simulation, systems thinking, algorithms, use databases, analyse big data, computer science, data analytics, software design methodologies, use mathematical tools and equipment, apply basic programming skills, model hardware, concepts of telecommunications, process data, use IT tools, 
http://ai4labour.linkeddata.es/data/course/Universidad+Polit%C3%A9cnica+de+Madrid/105000385	, computer programming, C (computer programming), Shell scripting, use scripting programming, use object-oriented programming, C#, computer science, software design methodologies, execute software tests, apply basic programming skills, C++, Python (computer programming), automation technology, operating systems, implement cryptographic constructs, 
http://ai4labour.linkeddata.es/data/course/Universidad+Polit%C3%A9cnica+de+Madrid/105000386	, perform online data analysis, business intelligence, use spreadsheets software, use databases, analyse big data, perform data mining, data analytics, business analytics, ICT project management, use specific data analysis software, apply ICT terminology, manage digital documents, process data, use IT tools, analyse software specifications, 
http://ai4labour.linkeddata.es/data/course/Universidad+Polit%C3%A9cnica+de+Madrid/105000387	, computer simulation, computer programming, systems thinking, algorithms, Assembly (computer programming), hardware components, computer engineering, microprocessors, distributed computing, Computer Assisted Language Learning, teach computer science, hardware architectures, operating systems, system design, ICT networking hardware, 
http://ai4labour.linkeddata.es/data/course/Universidad+Polit%C3%A9cnica+de+Madrid/105000388	, Agile project management, systems thinking, information structure, use production planning software, analyse big data, manage quantitative data, use a warehouse management system, ICT project management, manage data, manage production systems, apply operations for an ITIL-based environment, lean project management, manage standard enterprise resource planning system, process data, system design, 
http://ai4labour.linkeddata.es/data/course/Universidad+Polit%C3%A9cnica+de+Madrid/105000389	, perform online data analysis, apply statistical analysis techniques, use spreadsheets software, quantitative analysis, use databases, analyse big data, data analytics, business analytics, use communication and collaboration software, use specific data analysis software, develop statistical software, apply basic programming skills, process data, use IT tools, analyse software specifications, 
http://ai4labour.linkeddata.es/data/course/Universidad+Polit%C3%A9cnica+de+Madrid/105000390	, Agile project management, systems thinking, ICT quality policy, analyse big data, manage quantitative data, implement data quality processes, attend to ICT systems quality, manage data, data protection, manage production systems, quality control systems, apply control process statistical methods, manage standard enterprise resource planning system, ICT process quality models, system design, 
http://ai4labour.linkeddata.es/data/course/Universidad+Polit%C3%A9cnica+de+Madrid/105000391	, Agile project management, systems development life-cycle, software architecture models, use object-oriented programming, unified modelling language, Waterfall development, software design methodologies, ICT project management, software unit testing, Agile development, UML, ICT project management methodologies, analyse software specifications, define software architecture, design user interface, 
http://ai4labour.linkeddata.es/data/course/Universidad+Polit%C3%A9cnica+de+Madrid/105000392	, logic programming, Prolog (computer programming), constraint programming, programming logic, Prolog, constraint programming, computer science, programming logic, Prolog, use functional programming, principles of artificial intelligence, apply basic programming skills, analyse software specifications, define software architecture, software metrics, 
http://ai4labour.linkeddata.es/data/course/Universidad+Polit%C3%A9cnica+de+Madrid/105000393	, network engineering, ICT network security risks, protect personal data and privacy, ICT security standards, analyse network configuration and performance, use communication equipment, ICT security legislation, assessment of risks and threats, cyber security, maintain internet protocol configuration, implement a firewall, analyse network bandwidth requirements, concepts of telecommunications, identify ICT security risks, implement cryptographic constructs, 
http://ai4labour.linkeddata.es/data/course/Universidad+Polit%C3%A9cnica+de+Madrid/105000405	, calculate costs of repair operations, business intelligence, perform data analysis, use business simulation tools, quantitative analysis, manage quantitative data, business analytics, data analytics, estimate costs of installing telecommunication devices, manage production systems, apply basic programming skills, perform safety data analysis, manage standard enterprise resource planning system, process data, create data models, 
http://ai4labour.linkeddata.es/data/course/Universidad+Polit%C3%A9cnica+de+Madrid/105000406	, business intelligence, decision support systems, Agile project management, use business simulation tools, analyse big data, perform data mining, business analytics, ICT project management, data analytics, ICT project management methodologies, apply basic programming skills, manage digital documents, manage standard enterprise resource planning system, process data, use IT tools, 
http://ai4labour.linkeddata.es/data/course/Universidad+Polit%C3%A9cnica+de+Madrid/105000407	, information structure, perform online data analysis, gather data, use business simulation tools, analyse big data, quantitative analysis, use internet to increase sales, business analytics, data analytics, conduct web searches, manage digital documents, use specific data analysis software, process data, use IT tools, analyse software specifications, 
http://ai4labour.linkeddata.es/data/course/Universidad+Polit%C3%A9cnica+de+Madrid/105000408	, information structure, manage ICT data classification, apply statistical analysis techniques, identify technological needs, analyse big data, use business simulation tools, innovate in ICT, manage data, ICT project management, manage digital documents, conduct web searches, apply basic programming skills, process data, use IT tools, design user interface, 
http://ai4labour.linkeddata.es/data/course/Universidad+Polit%C3%A9cnica+de+Madrid/105000409	, computer simulation, machine learning, systems thinking, artificial neural networks, algorithms, perform data mining, computational linguistics, machine learning, computer vision, principles of artificial intelligence, robotics, data science, natural language processing, data models, design automation components, 
http://ai4labour.linkeddata.es/data/course/Universidad+Polit%C3%A9cnica+de+Madrid/105000410	, transportation software related to an ERP system, manage ICT change request process, Agile project management, use methods of logistical data analysis, manage quantitative data, analyse big data, use a warehouse management system, simulate transport problems, manage computer-based transport operation control systems, manage production systems, apply operations for an ITIL-based environment, lean project management, manage standard enterprise resource planning system, process data, use IT tools, 
http://ai4labour.linkeddata.es/data/course/Universidad+Polit%C3%A9cnica+de+Madrid/105000411	, business intelligence, perform data analysis, apply statistical analysis techniques, use business simulation tools, analyse big data, quantitative analysis, business analytics, data analytics, ICT project management, use specific data analysis software, apply ICT systems theory, systems theory, process data, use IT tools, design user interface, 
http://ai4labour.linkeddata.es/data/course/Universidad+Polit%C3%A9cnica+de+Madrid/105000412	, incremental development, computer programming, systems development life-cycle, use object-oriented programming, use scripting programming, algorithms, computational linguistics, software design methodologies, integrated development environment software, apply basic programming skills, C++, Python (computer programming), natural language processing, analyse software specifications, define software architecture, 
http://ai4labour.linkeddata.es/data/course/Universidad+Polit%C3%A9cnica+de+Madrid/105000413	, network engineering, computer simulation, systems thinking, algorithms, use object-oriented programming, database, computer science, distributed computing, mobile operating systems, install operating system, configure ICT system, apply basic programming skills, operating systems, system design, define software architecture, 
http://ai4labour.linkeddata.es/data/course/Universidad+Polit%C3%A9cnica+de+Madrid/105000414	, marketing analytics, business intelligence, web analytics, digital marketing techniques, use business simulation tools, analyse big data, use IT systems for commercial purposes, data analytics, e-commerce systems, manage digital documents, use specific data analysis software, develop online sales business plan, process data, use IT tools, web services, 
http://ai4labour.linkeddata.es/data/course/Universidad+Polit%C3%A9cnica+de+Madrid/105000415	, manage ICT data classification, apply statistical analysis techniques, Agile project management, use business simulation tools, manage quantitative data, use online tools to collaborate, manage data, use communication and collaboration software, ICT project management, manage production systems, work with virtual learning environments, ICT project management methodologies, manage standard enterprise resource planning system, use IT tools, process data, 
http://ai4labour.linkeddata.es/data/course/Universidad+Polit%C3%A9cnica+de+Madrid/105000416	, data warehouse, business intelligence, data mining, analyse big data, use databases, data engineering, collect ICT data, analyse ICT system, manage data, Hadoop, data quality assessment, ICT architectural frameworks, implement data warehousing techniques, process data, create data models, 
http://ai4labour.linkeddata.es/data/course/Universidad+Polit%C3%A9cnica+de+Madrid/105000418	, distributed systems, systems development life-cycle, systems thinking, distributed systems design, database, system backup best practice, distributed computing, design database in the cloud, ICT system programming, distributed directory information services, implement cloud security and compliance, manage cloud data and storage, system design, design automation components, implement cryptographic constructs, 
http://ai4labour.linkeddata.es/data/course/Universidad+Polit%C3%A9cnica+de+Madrid/105000419	, service oriented architecture, web services, distributed systems, SOA, servicios web, diseño de sistemas distribuidos, service-oriented modelling, distributed computing, World Wide Web Consortium standards, configure ICT system, implement cloud security and compliance, ICT architectural frameworks, web services, define software architecture, system design, 
http://ai4labour.linkeddata.es/data/course/Universidad+Polit%C3%A9cnica+de+Madrid/105000420	, perform online data analysis, apply statistical analysis techniques, use spreadsheets software, quantitative analysis, use business simulation tools, manage quantitative data, data analytics, business analytics, ICT project management, trading software, apply basic programming skills, use specific data analysis software, process data, implement data warehousing techniques, analyse software specifications, 
http://ai4labour.linkeddata.es/data/course/Universidad+Polit%C3%A9cnica+de+Madrid/105000421	, network engineering, design electrical systems, manage IT security compliances, design ICT hardware placement, manage disaster recovery plans, ICT capacity planning strategies, computer engineering, ICT project management, data protection, configure ICT system, design hardware, cloud technologies, ICT networking hardware, system design, ICT power consumption, 
http://ai4labour.linkeddata.es/data/course/Universidad+Polit%C3%A9cnica+de+Madrid/105000428	, business intelligence, Agile project management, crowdfunding, use business simulation tools, develop digital content, plan digital marketing, use IT systems for commercial purposes, ICT project management, business analytics, develop online sales business plan, manage digital documents, conduct web searches, manage standard enterprise resource planning system, develop data processing applications, design user interface, 
http://ai4labour.linkeddata.es/data/course/Universidad+Polit%C3%A9cnica+de+Madrid/105000429	, manage IT security compliances, apply system organisational policies, implement ICT security policies, ICT security standards, quantitative analysis, manage disaster recovery plans, ICT security legislation, ICT project management, data protection, Process-based management, ICT project management methodologies, GDPR, ICT process quality models, software metrics, DevOps, 
http://ai4labour.linkeddata.es/data/course/Universidad+Polit%C3%A9cnica+de+Madrid/105000430	, internal risk management policy, apply statistical analysis techniques, perform data analysis, quantitative analysis, implement ICT risk management, Monte Carlo simulation, assessment of risks and threats, data analytics, business analytics, create risk maps, analyse information systems, ICT project management methodologies, identify ICT security risks, process data, implement data warehousing techniques, 
http://ai4labour.linkeddata.es/data/course/Universidad+Polit%C3%A9cnica+de+Madrid/105000431	, manage ICT data classification, information structure, solve technical problems, audit techniques, use databases, analyse big data, execute ICT audits, data protection, ICT problem management techniques, apply ICT terminology, manage digital documents, use specific data analysis software, process data, use IT tools, identify ICT security risks, 
http://ai4labour.linkeddata.es/data/course/Universidad+Polit%C3%A9cnica+de+Madrid/105000432	, manage IT security compliances, protect personal data and privacy, implement ICT security policies, ICT security standards, algorithms, cyber attack counter-measures, cyber security, assessment of risks and threats, data protection, implement anti-virus software, ICT encryption, GDPR, identify ICT security risks, implement cryptographic constructs, perform ICT security testing, 
http://ai4labour.linkeddata.es/data/course/Universidad+Polit%C3%A9cnica+de+Madrid/105000433	, buscar información, su análisis, interpretación, síntesis y transmisión, poder exponer y comunicar sus ideas y reflexiones, tanto de forma oral como escrita, escuchar, negociar, persuadir y defender argumentos oralmente o por escrito, use communication equipment, use online tools to collaborate, use business simulation tools, use communication and collaboration software, use word processing software, use IT systems for commercial purposes, Computer Assisted Language Learning, teach digital literacy, use audio editing software, natural language processing, use microsoft office, manage digital archives, 
http://ai4labour.linkeddata.es/data/course/Universidad+Polit%C3%A9cnica+de+Madrid/105000433	, buscar información, su análisis, interpretación, síntesis y transmisión, exponer y comunicar ideas y reflexiones tanto de forma oral como escrita, escuchar, negociar, persuadir y defender argumentos oralmente o por escrito, use communication equipment, use query languages, use databases, use communication and collaboration software, use word processing software, use internet to increase sales, Computer Assisted Language Learning, conduct web searches, have computer literacy, natural language processing, process data, use microsoft office, 
http://ai4labour.linkeddata.es/data/course/Universidad+Polit%C3%A9cnica+de+Madrid/105000434	, Agile project management, systems development life-cycle, software architecture models, Spiral development, Waterfall development, Prince2 project management, tools for software configuration management, levels of software testing, ICT project management, ICT project management methodologies, Agile development, Prototyping development, Jenkins (tools for software configuration management), software metrics, analyse software specifications, 
http://ai4labour.linkeddata.es/data/course/Universidad+Polit%C3%A9cnica+de+Madrid/105000437	, manage ICT data classification, information structure, apply system organisational policies, use geographic information systems, use databases, manage quantitative data, use communication and collaboration software, ICT project management, e-agriculture, manage digital documents, use e-procurement, apply blended learning, use agricultural information systems and databases, manage digital archives, use personal organization software, 
http://ai4labour.linkeddata.es/data/course/Universidad+Polit%C3%A9cnica+de+Madrid/105000437	, Agile project management, information structure, use spreadsheets software, use databases, use geographic information systems, use object-oriented programming, use communication and collaboration software, ICT project management, manage data, apply blended learning, work with virtual learning environments, Computer Assisted Language Learning, use agricultural information systems and databases, manage digital archives, use personal organization software, 
http://ai4labour.linkeddata.es/data/course/Universidad+Polit%C3%A9cnica+de+Madrid/105000101	, use logic programming, translate formulae into processes, apply statistical analysis techniques, algorithms, use object-oriented programming, use query languages, design circuit boards, computer science, electronics, apply basic programming skills, use mathematical tools and equipment, principles of artificial intelligence, blockchain consensus mechanisms, field-programmable gate arrays, implement cryptographic constructs, 
http://ai4labour.linkeddata.es/data/course/Universidad+Polit%C3%A9cnica+de+Madrid/105000102	, translate formulae into processes, computer simulation, systems thinking, algorithms, database, use object-oriented programming, computer science, design circuit boards, use automatic programming, use mathematical tools and equipment, apply basic programming skills, Python (computer programming), implement cryptographic constructs, design electronic systems, use IT tools, 
http://ai4labour.linkeddata.es/data/course/Universidad+Polit%C3%A9cnica+de+Madrid/105000103	, translate formulae into processes, perform data analysis, use computer-aided engineering systems, algorithms, scientific computing, use object-oriented programming, computer science, mathematics, software design methodologies, use mathematical tools and equipment, MATLAB, apply basic programming skills, process data, use IT tools, design electronic systems, 
http://ai4labour.linkeddata.es/data/course/Universidad+Polit%C3%A9cnica+de+Madrid/105000104	, translate formulae into processes, apply statistical analysis techniques, perform data analysis, algorithms, scientific computing, quantitative analysis, computer science, mathematics, calculus, use mathematical tools and equipment, apply basic programming skills, Python (computer programming), process data, create data models, concepts of telecommunications, 
http://ai4labour.linkeddata.es/data/course/Universidad+Polit%C3%A9cnica+de+Madrid/105000105	, Java (computer programming), computer programming, Agile project management, algorithms, use object-oriented programming, Java, computer science, software design methodologies, Java, apply basic programming skills, Java, Python (computer programming), analyse software specifications, process data, use IT tools, 
http://ai4labour.linkeddata.es/data/course/Universidad+Polit%C3%A9cnica+de+Madrid/105000106	, translate formulae into processes, perform data analysis, apply statistical analysis techniques, algorithms, scientific computing, quantitative analysis, computer science, data analytics, mathematics, use mathematical tools and equipment, MATLAB, Python (computer programming), process data, use IT tools, design electronic systems, 
http://ai4labour.linkeddata.es/data/course/Universidad+Polit%C3%A9cnica+de+Madrid/105000107	, computer simulation, systems thinking, solve technical problems, algorithms, use databases, use geographic information systems, computer science, computational fluid dynamics, data analytics, use mathematical tools and equipment, apply basic programming skills, MATLAB, implement cryptographic constructs, analyse software specifications, use IT tools, 
http://ai4labour.linkeddata.es/data/course/Universidad+Polit%C3%A9cnica+de+Madrid/105000108	, apply statistical analysis techniques, normalise data, perform online data analysis, quantitative analysis, data mining, Monte Carlo simulation, statistical analysis system software, data analytics, data mining methods, develop statistical software, use specific data analysis software, apply control process statistical methods, process data, data models, create data models, 
http://ai4labour.linkeddata.es/data/course/Universidad+Polit%C3%A9cnica+de+Madrid/105000110	, Java (computer programming), use an application-specific interface, solve technical problems, use object-oriented programming, algorithms, SQL, use software libraries, computer science, software design methodologies, apply basic programming skills, Python (computer programming), C++, analyse software specifications, design user interface, implement data warehousing techniques, 
http://ai4labour.linkeddata.es/data/course/Universidad+Polit%C3%A9cnica+de+Madrid/105000111	, computer programming, data analysis, computer simulation, algorithms, scientific computing, use object-oriented programming, computational fluid dynamics, computer science, data analytics, MATLAB, apply basic programming skills, use mathematical tools and equipment, analyse software specifications, process data, design automation components, 
http://ai4labour.linkeddata.es/data/course/Universidad+Polit%C3%A9cnica+de+Madrid/105000112	, translate formulae into processes, perform data analysis, computer simulation, algorithms, scientific computing, use object-oriented programming, computer science, data analytics, computational fluid dynamics, use mathematical tools and equipment, MATLAB, Python (computer programming), process data, design sensors, use IT tools, 
http://ai4labour.linkeddata.es/data/course/Universidad+Polit%C3%A9cnica+de+Madrid/105000113	, translate formulae into processes, use CAD for soles, apply 3D imaging techniques, use technical drawing software, algorithms, scientific computing, computer science, 3D modelling, data analytics, use mathematical tools and equipment, model optical systems, design control systems, use CAD for lasts, design sensors, design electronic systems, 
http://ai4labour.linkeddata.es/data/course/Universidad+Polit%C3%A9cnica+de+Madrid/105000115	, computer programming, systems thinking, information structure, utilise regular expressions, algorithms, use object-oriented programming, computational linguistics, computer science, computer engineering, systems theory, computational mechanics, principles of artificial intelligence, concepts of telecommunications, automation technology, cybernetics, 
http://ai4labour.linkeddata.es/data/course/Universidad+Polit%C3%A9cnica+de+Madrid/105000116	, translate formulae into processes, solve technical problems, apply statistical analysis techniques, algorithms, scientific computing, object-oriented modelling, computer science, mathematics, abstract reasoning, use mathematical tools and equipment, apply basic programming skills, Python (computer programming), implement cryptographic constructs, concepts of telecommunications, analyse software specifications, 
http://ai4labour.linkeddata.es/data/course/Universidad+Polit%C3%A9cnica+de+Madrid/105000117	, computer simulation, translate formulae into processes, perform data analysis, scientific computing, algorithms, quantitative analysis, computational fluid dynamics, data analytics, statistical analysis system software, MATLAB, Python (computer programming), computational mechanics, process data, analyse software specifications, use IT tools, 
http://ai4labour.linkeddata.es/data/course/Universidad+Polit%C3%A9cnica+de+Madrid/105000118	, apply statistical analysis techniques, perform data analysis, normalise data, perform data mining, analyse big data, quantitative analysis, statistical analysis system software, data analytics, analyse ICT system, develop statistical software, use specific data analysis software, apply control process statistical methods, process data, analyse software specifications, implement data warehousing techniques, 
http://ai4labour.linkeddata.es/data/course/Universidad+Polit%C3%A9cnica+de+Madrid/105000119	, computer programming, C (computer programming), Shell scripting, use scripting programming, use object-oriented programming, C, perform software unit testing, develop software prototype, computer science, apply basic programming skills, C++, Python (computer programming), analyse software specifications, process data, automation technology, 
http://ai4labour.linkeddata.es/data/course/Universidad+Polit%C3%A9cnica+de+Madrid/105000120	, computer programming, embedded systems, computer simulation, Assembly (computer programming), hardware components, system backup best practice, computer science, computer engineering, microprocessors, Computer Assisted Language Learning, C++, Python (computer programming), operating systems, design electronic systems, analyse software specifications, 
http://ai4labour.linkeddata.es/data/course/Universidad+Polit%C3%A9cnica+de+Madrid/105000121	, normalise data, manage database, perform data analysis, database, SQL, use databases, design database, query languages, data protection, SQL Server, Oracle Relational Database, maintain database security, create data models, process data, implement data warehousing techniques, 
http://ai4labour.linkeddata.es/data/course/Universidad+Polit%C3%A9cnica+de+Madrid/105000122	, translate formulae into processes, solve technical problems, perform data analysis, scientific computing, algorithms, quantitative analysis, computer science, data analytics, computational fluid dynamics, use mathematical tools and equipment, MATLAB, Python (computer programming), process data, use IT tools, design electronic systems, 
http://ai4labour.linkeddata.es/data/course/Universidad+Polit%C3%A9cnica+de+Madrid/105000123	, computer simulation, use CAD for soles, use spreadsheets software, scientific computing, algorithms, use object-oriented programming, computer science, 3D modelling, data analytics, use mathematical tools and equipment, MATLAB, Python (computer programming), use CAD for lasts, design sensors, model sensor, 
http://ai4labour.linkeddata.es/data/course/Universidad+Polit%C3%A9cnica+de+Madrid/105000124	, computer simulation, decision support systems, systems thinking, algorithms, quantitative analysis, Monte Carlo simulation, computer science, data analytics, ICT project management, use mathematical tools and equipment, apply basic programming skills, develop statistical software, analyse software specifications, process data, implement cryptographic constructs, 
http://ai4labour.linkeddata.es/data/course/Universidad+Polit%C3%A9cnica+de+Madrid/105000125	, use concurrent programming, Java (computer programming), software architecture models, use object-oriented programming, Java, develop concurrent applications, computer science, distributed computing, software design methodologies, apply basic programming skills, real-time computing, Java (computer programming), analyse software specifications, operating systems, design user interface, 
http://ai4labour.linkeddata.es/data/course/Universidad+Polit%C3%A9cnica+de+Madrid/105000126	, computer programming, Haskell, functional programming, algorithms, use functional programming, Haskell, computer science, software design methodologies, integrated development environment software, use functional programming, apply basic programming skills, have computer literacy, Scala, design user interface, software metrics, 
http://ai4labour.linkeddata.es/data/course/Universidad+Polit%C3%A9cnica+de+Madrid/105000127	, network engineering, administer ICT system, manage ICT change request process, database and network design and administration, algorithms, use object-oriented programming, computer science, ICT system programming, distributed computing, install operating system, configure ICT system, apply ICT systems theory, operating systems, system design, design component interfaces, 
http://ai4labour.linkeddata.es/data/course/Universidad+Polit%C3%A9cnica+de+Madrid/105000128	, systems thinking, information structure, computer simulation, algorithms, scientific computing, object-oriented modelling, computer science, mathematics, topology, use mathematical tools and equipment, systems theory, apply ICT systems theory, concepts of telecommunications, system design, data models, 
http://ai4labour.linkeddata.es/data/course/Universidad+Polit%C3%A9cnica+de+Madrid/105000129	, computer simulation, perform data analysis, perform dimensionality reduction, algorithms, data engineering, Monte Carlo simulation, computational fluid dynamics, data analytics, 3D modelling, MATLAB, Python (computer programming), computational mechanics, create data models, process data, design sensors, 
http://ai4labour.linkeddata.es/data/course/Universidad+Polit%C3%A9cnica+de+Madrid/105000130	, incremental development, computer programming, systems development life-cycle, use object-oriented programming, use query languages, algorithms, computational linguistics, software design methodologies, integrated development environment software, apply basic programming skills, Python (computer programming), C++, natural language processing, design user interface, system design, 
http://ai4labour.linkeddata.es/data/course/Universidad+Polit%C3%A9cnica+de+Madrid/105000131	, Agile project management, systems development life-cycle, iterative development, Spiral development, Waterfall development, Agile development, develop software prototype, perform software unit testing, ICT project management, Agile development, manage software localisation, apply basic programming skills, analyse software specifications, define software architecture, design user interface, 
http://ai4labour.linkeddata.es/data/course/Universidad+Polit%C3%A9cnica+de+Madrid/105000132	, use logic programming, Prolog (computer programming), model based system engineering, programming logic, Prolog, constraint programming, computer science, programming logic, Prolog, apply basic programming skills, use functional programming, principles of artificial intelligence, analyse software specifications, define software architecture, design user interface, 
http://ai4labour.linkeddata.es/data/course/Universidad+Polit%C3%A9cnica+de+Madrid/105000133	, machine learning, computer simulation, systems thinking, artificial neural networks, algorithms, data mining, computer vision, utilise machine learning, computer science, principles of artificial intelligence, robotics, data science, natural language processing, data models, design user interface, 
http://ai4labour.linkeddata.es/data/course/Universidad+Polit%C3%A9cnica+de+Madrid/105000134	, keywords in digital content, use presentation software, use spreadsheets software, share through digital technologies, use databases, carry out bibliographic work, use communication devices, interact through digital technologies, use communication and collaboration software, Computer Assisted Language Learning, conduct web searches, have computer literacy, use microsoft office, process data, use IT tools, 
http://ai4labour.linkeddata.es/data/course/Universidad+Polit%C3%A9cnica+de+Madrid/105000134	, keywords in digital content, use presentation software, use spreadsheets software, carry out bibliographic work, use ICT resources to solve work related tasks, communicate using the global maritime distress and safety system, use communication and collaboration software, interact through digital technologies, use word processing software, Computer Assisted Language Learning, manage digital documents, conduct web searches, use microsoft office, process data, use IT tools, 
http://ai4labour.linkeddata.es/data/course/Universidad+Polit%C3%A9cnica+de+Madrid/105000142	, translate formulae into processes, solve technical problems, apply statistical analysis techniques, algorithms, scientific computing, quantitative analysis, computer science, quantum technology, data analytics, use mathematical tools and equipment, signal processing, computational mechanics, process data, concepts of telecommunications, apply digital security measures, 
http://ai4labour.linkeddata.es/data/course/Universidad+Polit%C3%A9cnica+de+Madrid/105000144	, perform online data analysis, data mining, apply statistical analysis techniques, perform data mining, analyse big data, use databases, data analytics, data mining methods, machine learning, use specific data analysis software, apply basic programming skills, data science, process data, analyse software specifications, create data models, 
http://ai4labour.linkeddata.es/data/course/Universidad+Polit%C3%A9cnica+de+Madrid/105000153	, Agile project management, systems thinking, manage ICT change request process, identify technological needs, use technology for forensics, use ICT resources to solve work related tasks, manage data, ICT project management, use communication and collaboration software, manage digital documents, work with virtual learning environments, develop digital educational materials, use IT tools, process data, design user interface, 
http://ai4labour.linkeddata.es/data/course/Universidad+Polit%C3%A9cnica+de+Madrid/105000153	, Agile project management, systems thinking, manage ICT change request process, use technology for forensics, use geographic information systems, use databases, use communication and collaboration software, ICT project management, manage data, manage digital documents, work with virtual learning environments, ICT project management methodologies, use IT tools, manage digital archives, process data, 
http://ai4labour.linkeddata.es/data/course/Universidad+Polit%C3%A9cnica+de+Madrid/105000157	, Java (computer programming), computer programming, Agile project management, algorithms, use object-oriented programming, database and network design and administration, computer science, use software libraries, software design methodologies, apply basic programming skills, Python (computer programming), C++, analyse software specifications, define software architecture, implement cryptographic constructs, 
http://ai4labour.linkeddata.es/data/course/Universidad+Polit%C3%A9cnica+de+Madrid/105000158	, network engineering, ICT network routing, computer simulation, design ICT hardware placement, analyse network configuration and performance, database and network design and administration, use communication devices, analyse ICT system, ICT security legislation, configure ICT system, maintain internet protocol configuration, implement ICT network diagnostic tools, concepts of telecommunications, ICT network simulation, ICT networking hardware, 
http://ai4labour.linkeddata.es/data/course/Universidad+Polit%C3%A9cnica+de+Madrid/105000160	, machine translation, speech recognition, natural language processing, algorithms, natural language processing, use databases, computational linguistics, natural language processing, machine learning, Computer Assisted Language Learning, computational mechanics, Python (computer programming), natural language processing, process data, design user interface, 
http://ai4labour.linkeddata.es/data/course/Universidad+Polit%C3%A9cnica+de+Madrid/105000161	, computer simulation, use data processing techniques, translate formulae into processes, scientific computing, use object-oriented programming, Monte Carlo simulation, computational fluid dynamics, data analytics, statistical analysis system software, MATLAB, computational mechanics, signal processing, concepts of telecommunications, process data, ICT network simulation, 
http://ai4labour.linkeddata.es/data/course/Universidad+Polit%C3%A9cnica+de+Madrid/105000346	, computer simulation, quantum algorithms, information security strategy, algorithms, emergent technologies, scientific computing, quantum technology, computer science, distributed computing, computational mechanics, principles of artificial intelligence, Python (computer programming), implement cryptographic constructs, analyse software specifications, apply digital security measures, 
http://ai4labour.linkeddata.es/data/course/Universidad+Polit%C3%A9cnica+de+Madrid/105000376	, create prototype of user experience solutions, design interaction model, use interface description language, assess users' interaction with ICT applications, use databases, design database scheme, human-computer interaction, improve user-friendliness, develop software prototype, measure software usability, test system accessibility for users with special needs, software interaction design, design user interface, analyse software specifications, system design, 
http://ai4labour.linkeddata.es/data/course/Universidad+Polit%C3%A9cnica+de+Madrid/105000377	, Agile project management, systems development life-cycle, manage ICT change request process, Prince2 project management, Waterfall development, Spiral development, ICT project management, tools for software configuration management, levels of software testing, ICT project management methodologies, Agile development, software quality standards, Jenkins (tools for software configuration management), software metrics, ICT process quality models, 
http://ai4labour.linkeddata.es/data/course/Universidad+Polit%C3%A9cnica+de+Madrid/105000378	, business intelligence, Agile project management, systems thinking, use business simulation tools, analyse big data, identify technological needs, business analytics, ICT project management, data analytics, manage production systems, apply operations for an ITIL-based environment, lean project management, manage standard enterprise resource planning system, process data, use IT tools, 
http://ai4labour.linkeddata.es/data/course/Universidad+Polit%C3%A9cnica+de+Madrid/105000445	, computer simulation, data mining, machine learning, analyse big data, perform data mining, use geographic information systems, data analytics, computational fluid dynamics, computer vision, use mathematical tools and equipment, data science, computational biology, process data, design automation components, data models, 
http://ai4labour.linkeddata.es/data/course/Universidad+Polit%C3%A9cnica+de+Madrid/105000450	, use data processing techniques, computer simulation, digital systems, image recognition, algorithms, use object-oriented programming, digital image processing, computer vision, data analytics, signal processing, MATLAB, real-time computing, process data, concepts of telecommunications, design electronic systems, 
http://ai4labour.linkeddata.es/data/course/Universidad+Polit%C3%A9cnica+de+Madrid/105000455	, computer simulation, model based system engineering, systems thinking, algorithms, use object-oriented programming, data visualisation software, computer science, data analytics, computational fluid dynamics, use mathematical tools and equipment, apply basic programming skills, model hardware, concepts of telecommunications, design electronic systems, apply digital security measures,
